sector,year,financial_year,production,exports,imports,wholesale_supply,production_index,production_yoy_pct,net_imports,units_million,units_index,value_per_unit,area_ha
Cut flowers,2021,2020/21,277.3,7.9,95.4,380.5,100.0,,87.5,,,,
Cut flowers,2022,2021/22,314.7,9.5,104.6,438.7,113.48719798052649,13.487197980526489,95.1,,,,
Cut flowers,2023,2022/23,308.4,9.3,103.0,430.0,111.2152902993148,-2.0019065776930467,93.7,,,,
Cut flowers,2024,2023/24,289.9,9.0,96.7,404.2,104.54381536242336,-5.998702983138782,87.7,,,,
Cut flowers,2025,2024/25,324.7,8.0,108.1,452.7,117.09340064911646,12.004139358399456,100.1,,,,
Nursery,2021,2020/21,2789.5,6.0,46.1,2928.6,100.0,,40.1,2324,100.0,1.2003012048192772,
Nursery,2022,2021/22,2833.0,8.7,47.8,2972.7,101.55941925076179,1.5594192507617954,39.099999999999994,2334,100.4302925989673,1.213796058269066,
Nursery,2023,2022/23,2775.3,14.1,43.4,2902.7,99.4909481986019,-2.0367102012001315,29.299999999999997,2264,97.41824440619621,1.2258392226148411,
Nursery,2024,2023/24,2648.0,8.6,40.3,2773.5,94.92740634522315,-4.586891507224456,31.699999999999996,2064,88.81239242685027,1.2829457364341086,
Nursery,2025,2024/25,2757.0,8.4,42.5,2888.8,98.8349166517297,4.116314199395776,34.1,2133,91.7814113597246,1.2925457102672293,
Turf,2021,2020/21,269.5,,,269.5,100.0,,,,,,3749
Turf,2022,2021/22,281.9,,,281.9,104.60111317254173,4.6011131725417265,,,,,3312
Turf,2023,2022/23,296.1,,,296.1,109.87012987012987,5.037247250798171,,,,,3479
Turf,2024,2023/24,301.4,,,301.4,111.83673469387753,1.7899358324890091,,,,,3542
Turf,2025,2024/25,300.8,,,300.8,111.61410018552876,-0.1990710019907027,,,,,3535
